[
    {
        "pathToConfig": "/home/bcuser/Documents/Git/Dmitry/Prog272-Sundeev/AwsBasicS3/config.json",
        "reallyWrite": "true",
        "bucketName": "prog272.test",
        "folderToWalk": "/var/www/bc",
        "s3RootFolder": "www",
        "createFolderToWalkOnS3": "true",
        "createIndex": "true",
        "filesToIgnore": "Thumbs.db,.gitignore,MyFile.html"
    },
    {
        "pathToConfig": "/home/bcuser/Documents/Git/Dmitry/Prog272-Sundeev/AwsBasicS3/config.json",
        "reallyWrite": "true",
        "bucketName": "prog272.test",
        "folderToWalk": "/var/www/bc",
        "s3RootFolder": "www",
        "createFolderToWalkOnS3": "true",
        "createIndex": "true",
        "filesToIgnore": "Thumbs.db,.gitignore,MyFile.html"
    },
    {
        "pathToConfig": "c:\\src\\config\\config.json",
        "reallyWrite": "true",
        "bucketName": "bucket01.elvenware.com",
        "folderToWalk": "Files",
        "s3RootFolder": "FilesNine",
        "createFolderToWalkOnS3": "true",
        "createIndex": "true",
        "filesToIgnore": "Thumbs.db,.gitignore,MyFile.html"
    },
    {
        "pathToConfig": "/home/charlie/config.json",
        "reallyWrite": "true",
        "bucketName": "bucket01.elvenware.com",
        "folderToWalk": "CloudNotes",
        "s3RootFolder": "FilesFive",
        "createFolderToWalkOnS3": "true",
        "createIndex": "true",
        "filesToIgnore": "Thumbs.db,.gitignore,MyFile.html"
    }
]